corrosion,sediment_cover,shipping_intensity,depth,tnt,risk
23.85,86.18,5922.62,-23.68,150,40
73.53,87.92,2380.16,-26.68,71.02,20
93.85,69.43,4293.4,-33.68,250,60
92.42,73.51,3149.16,-29.68,126.77,30
20.83,42.19,3872.65,-40.68,7,2
83.84,45.3,1758.53,-18.68,120,27
97.66,66.89,5770.36,-21.68,350,80
1.91,40.76,5675.34,-15.68,450,100
87.04759768,19.69176542,2678.287856,-11.68,300,70
62.21014576,55.65892871,585.1995247,-7.68,220,53
